case_type,unit_number,time_in_cycles,RUL_capped,prediction,error,abs_error
good_prediction,2.0,30.0,125.0,125.0,0.0,0.0
largest_under_prediction,22.0,61.0,125.0,74.79284,-50.20716094970703,50.20716094970703
largest_over_prediction,93.0,112.0,43.0,95.81997,52.819969177246094,52.819969177246094
good_midrange_prediction,53.0,154.0,41.0,41.007362,0.00736236572265625,0.00736236572265625
