perturbation_type,noise_std,rmse_mean,rmse_std,mae_mean,mae_std
combined_noise,0.1,12.22428,0.033889998524638525,9.005939999999999,0.02913422386129401
derived_feature_noise,0.1,12.1601,0.026996944271528035,8.977540000000001,0.0368203476355126
sensor_sequence_noise,0.1,12.0789,0.009210320298447577,8.942879999999999,0.01082367774834409
